Transaction_ID,Amount,Transaction_Type,Location,Customer_Age,Account_Age_Days,Device_Type,Is_Fraud
T001,2500,Online,Nagpur,24,320,Mobile,0
T002,18500,Online,Mumbai,31,45,Desktop,1
T003,1200,POS,Pune,42,890,POS,0
T004,45000,Online,Delhi,29,12,Mobile,1
T005,3200,POS,Nagpur,35,650,POS,0
T006,78000,Online,Bangalore,27,8,Desktop,1
T007,2100,POS,Mumbai,46,1200,POS,0
T008,5600,Online,Pune,38,430,Mobile,0
T009,92000,Online,Delhi,22,5,Mobile,1
T010,1750,POS,Nagpur,51,1500,POS,0
T011,6400,Online,Mumbai,33,520,Desktop,0
T012,35000,Online,Pune,26,18,Mobile,1
T013,2800,POS,Delhi,44,780,POS,0
T014,12500,Online,Bangalore,30,210,Desktop,0
T015,67000,Online,Mumbai,25,7,Mobile,1
T016,2300,POS,Pune,39,950,POS,0
T017,4100,Online,Nagpur,28,610,Mobile,0
T018,54000,Online,Delhi,23,15,Desktop,1
T019,1900,POS,Bangalore,48,1100,POS,0
T020,8700,Online,Mumbai,36,390,Mobile,0
T021,62000,Online,Pune,21,9,Mobile,1
T022,3100,POS,Nagpur,45,1300,POS,0
T023,4800,Online,Delhi,34,470,Desktop,0
T024,29000,Online,Bangalore,27,25,Mobile,1
T025,1600,POS,Mumbai,52,1600,POS,0
T026,7200,Online,Pune,40,550,Desktop,0
T027,81000,Online,Delhi,20,4,Mobile,1
T028,2600,POS,Nagpur,37,720,POS,0
T029,11500,Online,Bangalore,32,280,Desktop,0
T030,39000,Online,Mumbai,24,20,Mobile,1
